id;name;nb_cal;ingredients;description;image;nb_likes;recipe_cooking_time;recipe_type;diet;difficulty;creation_date
EOIFN-13N8S-X001;Crème minceur au navet;113;500 g de petits navets\n20 g de margarine allégée spécial cuisson\n10 g de sucre\n50 cl de bouillon de légumes\n5 cl de porto\n15 cl de crème liquide allégée à 3 pourcent de MG\n1 c. à café de thym séché\npoivre;ETAPE 1\nPelez les navets et Coupezles grossièrement. Dans une sauteuse ou une casserole, faites fondre la margarine. Ajoutez-y les navets et faites-les revenir à feu vif. Saupoudrez-les de sucre. Puis, faites-les bien dorer 5 min en remuant à l'aide d'une cuillère en bois.\n\nETAPE 2\nVersez le porto, et une fois qu'il est entièrement évaporé, ajoutez le bouillon de légumes. Faites cuire à couvert pendant 20 min à feu moyen. Ajoutez la crème liquide, le thym et le poivre. Mélangez le tout.\n\nETAPE 3\nMixez la préparation à l'aide d'un mixeur électrique. Rectifiez l'assaisonnement, rajoutez de l'eau ou de la crème si besoin. Versez ensuite la préparation dans des bols puis dégustez.;;57;00:45:00;Entree;0;Facile;2018-01-01
EOIFN-13N8S-X002;Émincé de poulet à l'estragon;170;3 Escaloppe de poulet (viande seulement)\n2 gousses d'ail\n1 oignon blanc\n2 cuillères à soupe de Crème fraiche épaisse (30 pourcent MG et plus)\n1 cuillère à soupe de moutarde\n250 millilitres de vin blanc\n250 millilitres d'eau\n1 cuillère à café de fond de volaille\n2 cuillères à soupe d'Huile d'olive\n3 cuillères à soupe d'estragon;ETAPE 1\nÉpluchez et émincez l'oignon\n\nETAPE 2\nNettoyez et coupez les champignons en 2.\n\nETAPE 3\nPelez, dégermez et écrasez les gousses d'ail.\n\nETAPE 4\nCoupez les escalopes en fines lanières et les badigeonner de moutarde.\n\nETAPE 5\nDans une sauteuse, chauffez l'huile et faire revenir les morceaux de viande. Sel, poivre. Mélangez et réservez.\n\nETAPE 6\nMettez les gousses d'ail et l'oignon. Les faire revenir 2 minutes en remuant constamment.\n\nETAPE 7\nVersez le vin, l'eau et le fond de veau.\n\nETAPE 8\nSel, poivre. Mélangez. Cuire 2 minutes.\n\nETAPE 9\nAjoutez l'estragon.\n\nETAPE 10\nAmenez à ébullition à feu moyen/vif.\n\nETAPE 11\nRemettez les escalopes ainsi que les champignons. Poursuivre la cuisson 15 minutes à feu doux.\n\nETAPE 12\nIncorporez la crème fraiche. Remuez et cuire 2 minutes.\n\nETAPE 13\nServir avec du riz par exemple, ou des pommes de terre bouillies.;;174;00:25:00;Plat;0;Moyen;2018-01-01
EOIFN-13N8S-X003;Salade de melon/feta et crème de vinaigre balsamique ;165;2 melon de cavaillon\n125 grammes de Feta\n125 grammes de Tomate cerise\n5 grammes de creme de vinaigre balsamique;ETAPE 1\nCouper en 2 le melon, retirer à l'aide d'une cuillère à soupe les graines.\n\nETAPE 2\nA l'aide d'un petit boulier, faire des petites boules de melon.\n\nETAPE 3\nCouper la feta en petits cubes.\n\nETAPE 4\nDisposer ensuite, dans des assiettes creuses, les boules de melon, les cubes de feta, les tomates cerises.\n\nETAPE 5\nAjouter un trait de crème de vinaigre... et c'est prêt !;;34;00:10:00;Entree;1;Facile;2018-01-01
EOIFN-13N8S-X004;Pain de thon de Florence ;170;2 Echalote\n250 grammes de Thon albacore\n3 Oeuf entier (cru)\n150 grammes de Fromage blanc (1 pourcent MG)\n2 cuillères à soupe de Crème fraiche épaisse légère (15-20 pourcent MG)\n2 cuillères à soupe de Chapelure;ETAPE 1\nDans un saladier : intégrer et mélanger (jusqu'à obtenir un mélange homogène) les échalottes épluchées et hachées, le thon égoutté, les oeufs, le fromage blanc, la crème fraiche, la chapelure.\n\nETAPE 2\nSaler et poivrer.\n\nETAPE 3\nVerser la préparation dans un moule à cake allant au four.\n\nETAPE 4\nCuire 40 minutes à 180 degrés.;;12;00:50:00;Entree;0;Facile;2018-01-01
EOIFN-13N8S-X005;Pates farcies au Brie ;175;250 grammes de Pates à farcir\n250 grammes de Mozzarella\n20 centilitres de Crème liquide demi-écrémée\n75 grammes de lard fumé\n200 grammes de Brie\n2 cuillères à soupe de Crème fraiche épaisse légère (15-20 pourcent MG)\n1 cuillère à soupe de Ciboulette fraiche\n1 cuillère à café d'Huile d'olive;ETAPE 1\nCommencons par préparer la sauce :\nFaite chauffer la crème fraiche liquide sans la monter à ébullition. Lorsque celle-ci est bin chaude, incorporez la mozzarella coupée en gros morceaux. Mélangez jusqu'à ce qu'elle soit bien fondu puis laissez infuser le lard coupé en morceaux pendant une dizaines de minutes à feu minimum. Après avoir retirer le lard, salez et poivrez selon vos gout et réservez.\n\nETAPE 2\nPour réaliser la farce :\nMixez le Brie avec deux grosses cuillères à soupe de crème fraiche entière. Ajoutez les morceaux de lard, la ciboulette ciselée, l'huile d'olive, du sel et du poivre puis remixez jusqu'à obtenir un mélange homogène. Ajustez l'assaisonnement selon vos gouts. Réservez.\n\nETAPE 3\nPréchauffez votre four à 120 degrés C, thermostat 5, chaleur tournante.\n\nETAPE 4\nFaites cuire vos pates dans un grand volume d'eau salée, 4 minutes de moins que le temps indiqué sur le paquet. Avant de les farcir, passez les sous l'eau froide pour arrêter la cuisson. Laissez les refroidir et farcissez les à l'aide d'une poche à douille ou d'un sachet congélation coupez dans l'angle.\n\nETAPE 5\nRépartissez les pates dans un plat. Nappez les avec la totalité de la sauce. Si vous le souhaitez, saupoudrez les de fromage rapé puis enfourner environ 25 minutes.\n\nETAPE 6\nA l'assiette, saupoudrez de noix concassées.;;19;00:45:00;Plat;0;Moyen;2018-01-01
EOIFN-13N8S-X006;Risotto de crevettes à l'ail;165;500 grammes de Crevette\n1 Oignon\n2 cuillères à soupe d'Huile d'olive\n20 grammes de Beurre doux\n1 Ail frais\n1 Bouillon de poisson dégraissé\n1 litre d'Eau\n20 centilitres de Vin blanc (11 degrés)\n400 grammes de Riz arborio\n1 cuillère à soupe de Parmesan rapé\n1 Tomate concassée\n1 Poivron jaune;ETAPE 1\nDécortiquer les crevettes et les réserver.\n\nETAPE 2\nPresser l'ail et le mélanger avec 10 g de beurre mou.\n\nETAPE 3\nFaire rotir des oignons dans un wok avec de l'huile d'olive et une noix de beurre.\n\nETAPE 4\nDans une casserole faire bouillir 1 litre d'eau et ajouter un cube de bouillon de poisson dégraissé.\n\nETAPE 5\nFaire chauffer légèrement le vin blanc.\n\nETAPE 6\nUne fois les oignons bien dorés, ajouter le riz et le laisser s'imprégner de l'huile.\n\nETAPE 7\nAjouter le vin blanc sans arrêter de tourner le riz.\n\nETAPE 8\nEnsuite versez une louche de bouillon à chaque fois que le riz a imprégné tout le liquide. Il est impératif de ne pas cesser de remuer le riz quand il s'imprègne.\n\nETAPE 9\nUne fois tout le bouillon terminé, ajouter le parmesan rapé, les tomates concassées, le poivron coupé en dés (peau enlevée), une noix de beurre d'ail et en dernier, les crevettes décortiquées.;;14;00:45:00;Plat;0;Moyen;2018-01-01
EOIFN-13N8S-X007;Magret de canard sauce camembert;166;2 magrets de canard\n150 grammes de Camembert\n150 grammes de Crème fraiche épaisse légère (15-20 pourcent MG)\n20 centilitres de vin blanc doux\n1 pincée de Sel de table\n1 pincée de Poivre blanc;ETAPE 1\nQuadrillez les magrets coté graisse au couteau.\n\nETAPE 2\nDéposez les magrets dans une poêle coté graisse et faire cuire 7 mn.\n\nETAPE 3\nRetournez les magrets et cuire encore 4 mn.\n\nETAPE 4\nEn fin de cuisson, les mettre de coté.\n\nETAPE 5\nRetirez la graisse de la poêle, la remettre sur le feu et déglacez avec le vin blanc.\n\nETAPE 6\nIncorporez le camembert en petits morceaux après avoir retiré la croute.\n\nETAPE 7\nFaites fondre, ajoutez la crème et laissez réduire la sauce.\n\nETAPE 8\nServez avec les magrets découpés en tranches.;;15;00:35:00;Plat;0;Difficile;2018-01-01
EOIFN-13N8S-X008;Velouté de courgettes au curry;168;1 kilogramme de Courgette\n1 Oignon\n1 pincée d'Ail en poudre\n10 centilitres de Crème liquide demi-écrémée\n50 centilitres de Bouillon de légumes\n2 cuillères à café de Curry en poudre\n1 pincée de Poivre noir;ETAPE 1\nCoupez les courgettes pelées une lanières sur deux, en dés.\n\nETAPE 2\nFaites revenir l'oignon dans de l'huile d'olive avec le curry et l'ail. Ajoutez les cubes de courgettes, le bouillon et laissez mijoter 20 min.\n\nETAPE 3\nMixez le tout. Ajoutez la crème et du poivre.;;138;00:40:00;Entree;1;Facile;2018-01-01
EOIFN-13N8S-X009;Timballes aux 3 légumes et jambon;177;220 grammes de Courgette\n130 grammes de Pomme de terre\n190 grammes de potimarron\n80 grammes de Tranche de jambon de dinde\n15 grammes de Beurre demi-sel;ETAPE 1\nLaver la courgette, et couper les extrémités.\n\nETAPE 2\nA l'aide d'une mandoline, en faire 8 bandes assez fines.Garder le reste.\n\nETAPE 3\nDisposer les bandes dans une assiette, et les passer au micro-ondes 2 mn à pleine puissance. cela permet de les précuire et de les rendre malléables.Laisser refroidir.\n\nETAPE 4\nPendant ce temps, couper le potimarron en tranches, l'éplucher le te couper en petits dés.\n\nETAPE 5\nCouper le reste de la courgette en dés.Eplucher la pomme de terre et la couper en dés.\n\nETAPE 6\nSuperposer les 2 tranches de jambon de dinde, et à l'aide d'un cercle à patisserie, découper 4 cercles et 4 demi cercles dans le reste des tranches.\n\nETAPE 7\nDans le panier du Cookéo (avec 200ml d'eau) ou d'une cocotte minute, mettre les dés de courgette, pomme de terre et potimarron sans les mélanger et cuire 6 mn sous pression.\n\nETAPE 8\nPendant ce temps, huiler l'intérieur des 2 cercles à patisserie et les poser sur une plaque recouverte de papier sulfurisé.\n\nETAPE 9\nGarnir les cercles avec les bandes de courgette en les faisant se chevaucher et laisser le surplus de longueur dépasser.\n\nETAPE 10\nA l'aide d'une fourchette, faire une purée de chaque légume séparément en y ajoutant à chaque 5 gr de beurre, saler et poivrer\n\nETAPE 11\nA l'aide d'une petite cuillère, garnir chaque cercle et dans l'ordre :\npurée de pomme de terre\n1 cercle de jambon\npurée de courgette\n1 cercle de jambon\npurée de potimarron\n2 demi-cercles de jambon\net finir en rabattant le surplus des bandes courgette sur le jambon.\n\nETAPE 12\nChauffer le four à 200 degrés  et cuire 10 mn.;;0;00:26:00;Plat;0;Difficile;2018-01-01
EOIFN-13N8S-X010;Melon - Jambon;180;2 Melon casaba\n5 Jambon cru\n50 grammes de Tomate cerise;ETAPE 1\nCouper le melon en fine tranche.\n\nETAPE 2\nCouper le jambon cru en deux et l'enrouler à l'aide de cure-dent\n\nETAPE 3\nAjouter les tomates cerises, et dégustez!;;1;00:10:00;Entree;0;Facile;2018-01-01
EOIFN-13N8S-X011;Madeleines parfaites au citron, glaçage au café;900;2 oeufs\n100 g de farine\n100 g de sucre\n100 g de beurre salé\n1 cuillère à café rase de levure chimique\n1 cuillère à café de zeste de citron\n1 blanc d'oeuf\nLe jus d'un citron\n2 cuillères à soupe de café\n200 g de sucre glace;ETAPE 1\nFaites doucement fondre le beurre dans une casserole, puis laissez-le tiédir.\n\nETAPE 2\nDans un saladier mélangez les oeufs, le sucre et le zeste du citron. Fouettez jusqu'à ce que ce que ce mélange blanchisse.\n\nETAPE 3\nVersez la farine tamisée et la levure sur ce mélange et mélangez avec une spatule en bois, puis ajoutez le beurre fondu et mélangez à nouveau. Votre préparation est prête, il faut maintenant la laisser reposer 1 heure minimum au frigo. Profitez de ce temps pour siroter tranquillement un café.\n\nETAPE 4\nRemplissez vos moules à madeleines au trois-quarts, puis enfournez 12 minutes dans votre four préchauffé à 180 degrés C.\n\nUne fois vos madeleines sorties du four, laissez-les reposer une dizaine de minutes si vous résistez car vous allez leur apporter le détail qui change tout !  Pendant qu'elles patientent, préparez le glaçage citron-café, une petite touche acidulée qui leur donnera un gout unique et un joli marbré.\n\nETAPE 5\nPour ce glaçage, mélangez vigoureusement le blanc d'oeuf avec le sucre glace afin d'obtenir un crème blanche. Ajoutez le jus de citron et les cuillères à soupe de café, mélangez à nouveau. Nappez-en vos madeleines... et savourez !;;600;03:14:00;Dessert;0;Difficile;2018-01-01
EOIFN-13N8S-X012;Carrés choco-coco caféinés;456;Pour les carrés\n100 g de farine\n1 sachet de levure\n60 g de sucre en poudre \n80 g de beurre salé fondu\n6 cuillères à soupe d'eau\n1 oeuf\n20 g de poudre de cacao\nPour la crème de coco\n130 g de mascarpone\n35 g de coco rapée\n1 cuillère à café de sucre vanillé\n100 g de chocolat à dessert\nUne demi-tasse de café espresso serré refroidi\n30 g de beurre;ETAPE 1\nPréchauffez votre four à 180 degrés C. Dans un saladier, mélangez la farine, le sucre, la levure et le cacao. Ajoutez le beurre fondu, l'oeuf et l'eau. Mélangez bien le tout et versez cet appareil dans un moule rectangulaire pour couper plus facilement vos carrés.\n\nETAPE 2\nEnfournez pendant une vingtaine de minutes. Puis, sortez le gateau du four et laissez-le refroidir au frais.\n\nETAPE 3\nDans un récipient, préparez la crème de coco en mélangeant le mascarpone, la noix de coco rapée et le sucre vanillé. Une fois ce mélange prêt, étalez-le sur le gateau.\n\nETAPE 4\nC'est cela qui va tout changer : préparez votre glaçage choco-café en faisant fondre le chocolat coupé en morceaux au bain-marie avec le beurre et ajoutez votre demi-tasse de café refroidi, mélangez bien.\n\nETAPE 5\nIl vous suffit maintenant de napper votre gateau recouvert de crème coco avec cette dernière couche de glaçage choco-café qui va lui apporter le subtil parfum de votre boisson préférée. Vous pouvez saupoudrer de coco rapée. Le plus difficile sera de le laisser au frais pendant 2 heures avant de pouvoir le couper en carrés et le déguster !\n ;;457;01:52:00;Dessert;0;Moyen;2018-01-01
EOIFN-13N8S-X013;Sablés au yaourt à la vanille et au subtil parfum de café;324;125 grammes de beurre mou\n1 yaourt nature (le pot servira de mesure)\n1 1 demi pot de yaourt d'huile neutre comme le tournesol\n1 1 demi pot de yaourt sucre\n1 sachet de sucre vanillé\n1 cuillère à café de poudre de vanille\n1 tasse de café espresso\n1 sachet de levure chimique\nFarine, autant que nécessaire pour obtenir une pate homogène qui ne colle pas;ETAPE 1\nDans un grand saladier, mélangez tous vos ingrédients ! Versez le yaourt, puis ajoutez le beurre mou, la dose d'huile, la dose de sucre, le sucre vanillé, la poudre de vanille, l'espresso et la levure chimique. Mélangez le tout.\n\nETAPE 2\nIncorporez peu à peu la farine jusqu'à obtenir une pate qui se travaille bien et ne colle pas.\n\nETAPE 3\nEtalez votre pate et prélevez vos sablés grace à des emporte-pièces.\n\nETAPE 4\nEnfournez vos sablés une vingtaine de minutes dans un four préalablement chauffé à 180 degrés C. Ils devraient prendre une teinte joliment colorée et être délicieusement parfumés de vanille et de café !;;811;01:45:00;Dessert;0;Moyen;2018-01-01
EOIFN-13N8S-X014;Pasteis de Nata revisités au café;158;3 jaunes d'oeuf\n100 g de sucre\n250 ml de lait\n35 g de farine\n2 cuillères à soupe de café\n2 sachets de sucre vanillé\n1 pincée de sel\n1 pate feuilletée;ETAPE 1\nGarnissez des petits moules individuels de pate feuilletée. Réservez au frais.\n\nETAPE 2\nDans une casserole, mélangez le sucre, la farine, le sucre vanillé, le lait, la pincée de sel et le café  - le petit détail qui va leur donner ce parfum délicatement caféiné. Faites cuire doucement en remuant avec une spatule en bois jusqu'à obtenir une crème qui se détache bien de la spatule.\n\nETAPE 3\nFaites refroidir hors du feu quelques minutes, puis incorporez les jaunes d'oeufs et mélangez bien.\n\nETAPE 4\nVersez cette préparation dans vos moules et mettez au four (préchauffé à 210 degrés C) une dizaine de minutes, jusqu'à ce que les pasteis soient colorés.\n\nETAPE 5\nSortez du four et dégustez tiède en saupoudrant d'un peu de cannelle vos délicieux pasteis de nata revisités au café !;;38;00:38:00;Dessert;0;Facile;2018-01-01
EOIFN-13N8S-X015;Bouchées caféinées aux 2 chocolats, caramélisé d'amandes;194;1 tablette de chocolat noir à dessert (environ 150 g)\n1 tablette de chocolat blanc (environ 150 g)\n1 tasse à café de votre espresso préféré\n10 cl de crème fleurette\n10 amandes émondées;ETAPE 1\nFaites fondre le chocolat noir au micro-ondes ou au bain-marie. Une fois prêt, tapissez-en l'intérieur de vos moules en silicone à l'aide d'un pinceau. Répétez 3 fois l'opération en faisant refroidir au frigo entre chaque couche.\n\nETAPE 2\nDe la même manière, cassez votre chocolat blanc dans un bol, ajoutez votre tasse de café et faites fondre votre chocolat blanc au bain-marie ou au four à micro-ondes.\n\nETAPE 3\nFaites monter votre crème fleurette en chantilly et mélangez-la délicatement à votre mélange de chocolat blanc parfumé au café. Vous allez obtenir une mousse au chocolat blanc délicieusement caféinée.\n\nETAPE 4\nA l'aide d'une poche à douille, remplissez de mousse les moules en chocolat noir (que vous aurez préalablement démoulés), puis réservez au frais.\n\nETAPE 5\nDans une petite casserole faites caraméliser votre sucre, puis ajouter les amandes et enrobez-les bien de caramel. Versez-les sur du papier sulfurisé en veillant à bien les séparer les unes des autres.\n\nETAPE 6\nSortez les moules remplis de mousse et déposez sur chacun un cerneau de noix caramélisé. C'est prêt, servez-les avec votre café gourmand si vous résistez à l'envie de dévorer une par une toutes ces gourmandes bouchées !;;12;03:25:00;Dessert;0;Difficile;2018-01-01
EOIFN-13N8S-X016;Sauce chocolat;135;250 g de chocolat pâtisser\n10 cl de crème fraîche\n10 cl d'eau;ETAPE 1\nFaire fondre le chocolat au bain-marie avec l'eau, sur feu doux (il ne faut pas laisser bouillir).\n\nETAPE 2\nLorsque la préparation est assez lisse, ajouter la crème fraîche.\n\nETAPE 3\nConserver au bain-marie, jusqu'au moment de servir.;;385;00:15:00;Sauce;0;Facile;2018-01-01
EOIFN-13N8S-X017;Sauce hollandaise;186;50 g de beurre\n1 jaune d'œuf\n 1 huitième de citron\nPoivre\nSel;ETAPE 1\nPressez le jus du citron, réservez. Coupez le beurre en dés.\n\nETAPE 2\nBattez les jaunes d'oeufs avec 2 cuillerées à soupe d'eau froide. \n\nETAPE 3\nPlacez dans un bain-marie chaud et fouettez jusqu'à l'obtention d'une crème mousseuse et légère.\n\nETAPE 4\nAjoutez alors le beurre en morceaux en plusieurs fois, en fouettant bien à chaque fois. \n\nETAPE 5\nSalez, poivrez et incorporez le jus du citron avant de servir. ;;38;00:20:00;Sauce;0;Facile;2018-01-01
EOIFN-13N8S-X018;Sauce tomate;133;170 g de tomate\n1/6 oignon\n1/3 gousse d'ail\nPoivre\nSel\nSucre;ETAPE 1\nMettre les tomates entières dans la cocotte (pas besoin de les peler ni épépiner) \n\nETAPE 2\nAjouter l'oignon, l'ail, le sel et le poivre et un verre d'eau pour que les tomates n'attachent pas en début de cuisson. \n\nETPAE 3\nCouvrir et laisser mijoter pendant une heure environ. Mixer le tout au blender pendant 2 min et passer le jus au moulin à légumes (tamis fin) ou à la passoire. Les pépins et les peaux y resteront et vous aurez moins de travail et de gaspillage. \n\nETAPE 4\nRectifier l'acidité de la sauce selon votre goût avec du sucre. Cette sauce ainsi obtenue pourra facilement se congeler (j'utilise les bouteilles plastiques de lait) et être utilisée pour toutes les recettes en ajoutant les herbes et condiments de votre choix. Souvent je fais fondre un peu de beurre et 2 cuillerées à soupe de farine et je rajoute la sauce et mélangeant bien avec un fouet, avec du riz ou des pâtes et quelques œufs durs, les enfants en raffolent!;;100;01:10:00;Sauce;0;Facile;2018-01-01
EOIFN-13N8S-X019;Sauce cocktail;189;12,5 cl de sauce tomate\n87,5 g de mayonnaise\n1/4 goutte de tabasco\n1/2 cuillère à café de sauce worcestershire\n1/8 cuillère à café de jus de citron\nPoivre\nSel;ETAPE 1\nMélanger tous les ingrédients dans un petit saladier. Garnir d'une tranche de citron.;;75;00:05:00;Sauce;0;Facile;2018-01-01
EOIFN-13N8S-X020;Velouté de Potiron et Carottes;335;250g de potiron\n125g de carotte\n1/2 pomme de terre\n1/4 gousse d'ail\n1/4 oignon\n1/8 L de lait\n1/8 L de bouillon de volaille\n1/4 cuillère à soupe d'huile d'olive\nPersil\nPoivre\nSel\nMuscade\n2,5 cl de crème liquide;"ETAPE 1\nÉplucher et couper en dés le potiron, les pommes de terre, les carottes en rondelles. \n\nETAPE 2\nEmincer l'ail et l'oignon. \n\nETAPE 3\nFaire suer l'oignon dans l'huile d'olive. \n\nETAPE 4\nAjouter tous les légumes et l'ail puis verser le bouillon et le lait. \n\nETAPE 5\nSaler, poivrer, ""muscader"" et laisser cuire environ une trentaine de minutes. \n\nETAPE 6\nMixer le tout (ajouter éventuellement la crème) et rectifier l'assaisonnement si nécessaire. \n\nETAPE 7\nBon appérit !";;500;01:00:00;Plat;1;Facile;2018-01-01
EOIFN-13N8S-X021;Pain;254;500 g de farine type 55\n1 sachet de levure de boulangerie en granulés à temps de levée réduite\n1,5 verre d'eau chaude\n1 cuillère à café de sel\n1 cuillère à soupe d'huile d'olive ;"ETAPE 1\nMélangez la farine, l'huile d'olive, le sachet de levure, le sel et ajoutez l'eau. Malaxez jusqu'à l'obstention d'une pâte homogène. Le geste est important: faites comme si vous étiez en train de plier un mouchoir avec la pâte. \n\nETAPE 2\nAttention la pâte ne doit pas coller à la paroi! Rajoutez de la farine si elle colle, ou de l'eau si elle est trop sèche. \n\nETAPE 3\nPrenez un moule à cake et tapissez de papier cuisson, mettez le pain, faites les croisillons avec un couteau pointu. \n\nETAPE 4\nPrenez un torchon propre, mouillez-le et mettez-le sur le pain. \n\nETAPE 5\nAttendez une heure que la pâte soit levée.
Pendant ce temps-là, préchauffez le four à thermostat 7 ou à 220 dégrés C pendant 20 mn environ. \n\nETAPE 6\nEnfournez pendant 40 mn.";;111;01:10:00;Accompagnement;0;Moyen;2018-01-01
EOIFN-13N8S-X022;Mojito cubain;134;3 cuillères à café de sucre de canne en poudre\n1/2 citron vert\n1 branche de menthe bien fournie\nEau gazeuse\nRhum\nGlaçons;ETAPE 1\nDans un verre de taille moyenne (contenance 40 cl environ), mettez 3 cuillères à café de sucre de canne. \n\nETAPE 2\nAjoutez-y le jus d'1/2 citron vert. \n\nETAPE 3\nCoupez en 3 ou 4 votre branche de menthe et mettez-la dans le verre (le fait de la couper permet à la saveur de la menthe de mieux se diffuser).\n\nETAPE 4\nAjoutez un peu d'eau gazeuse (environ 3 cl) puis avec une cuillère à café, remuez bien le tout et écrasez la menthe (insistez sur les branches plus que sur les feuilles, sinon il y aura pleins de petits bouts de menthe assez désagréables au moment de déguster votre cocktail!). \n\nETAPE 5\nAjoutez 5 glaçons environ. \n\nETAPE 6\nEnsuite versez 6 cl de rhum (en versant à débit moyen). Pour la dose plutôt chargée, comptez jusqu'à 5, pour la dose légère jusqu'à 4. \n\nEtape 7\nEnfin, complétez avec de l'eau gazeuse. ;;245;00:05:00;Boisson;1;Moyen;2018-01-01
EOIFN-13N8S-X023;Punch délicieux;245;1/15 l de jus de banane \n1/15 l de goyave \n1/15 l de jus d'ananas \n1/15 l de jus d'orange\n1/15 jus de citron vert\n1/15 gousse de vanille \n2/15 verre de sucre liquide\n4/15 cuillère à soupe de vanille liquide\nPoivre du moulin + un peu de cannelle;ETAPE 1\nDans une cocotte, versez tous les ingrédients. \n\nETAPE 2\nFermez le couvercle, et laissez macérer pendant 12 h... ça n'en sera que meilleur!\n\nETAPE 3\nSi vous n'avez pas le temps de le laisser macérer, ce n'est pas grave : il sera délicieux quand même!;;340;00:10:00;Boisson;0;Facile;2018-01-01
EOIFN-13N8S-X024;Grog au rhum;100;Rhum brun ambré\nCitron\nMiel\nEau;"ETAPE 1\nMettre l'eau à chauffer.\n\nETAPE 2\nPendant ce temps, presser le jus d'1/2 citron.\n\nETAPE 3\n	Dans une chope mettre 2 cuillères à café de miel, le jus de citron, et la valeur d'un petit verre à liqueur de rhum. \n\nETAPE 4\nQuand l'eau commence à faire de petites bulles, vider dans la chope. \n\nETAPE 5\nBoire dès que la température le permet....";;5;00:08:00;Boisson;0;Facile;2018-01-01
EOIFN-13N8S-X025;Piña colada;0;200 ml de lait de coco (grande surface, rayon exotique)\n1/2 l de jus d'ananas\n1/4 l de jus de banane\n12.5 cl de rhum blanc\n1 cuillère à café d'extrait de vanille\n1/2 bâton de cannelle\n1/2 muscade râpée;ETAPE 1\nUstensiles : 1 blender ou à défaut un mixer\n\nETAPE 2\nLa veille verser les jus d'ananas et de banane ainsi que le rhum dans un grand saladier, rajouter la vanille, le bâton de cannelle et le râpé de noix de muscade, le tout étant bien sûr facultatif mais après quelques essais je la trouve meilleure ainsi. \n\nETAPE 3\nMélanger le tout puis passer au blender avec le lait de coco, mettez ensuite le saladier au frigo jusqu'à environ 10 mn de l'apéro. \n\nETAPE 4\nAu moment de servir verser dans le blender à travers une passoire afin de récuperer la cannelle (pas forcément agréable sous la dent) puis faites mousser avant de remplir les verres sans avoir oublié le lit de glace pilée et enfin déguster. \n\nETAPE 5\nAlors bien sûr comme c'est frais le rhum ne se sent pas de suite mais il est bien présent, vous pouvez donc diminuer ou même enlever le rhum, ce serra toujours aussi bon et les enfants pourront en profiter. ;;10;00:15:00;Boisson;0;Difficile;2018-01-01
EOIFN-13N8S-X026;Caipirinha;100;4 doses de cachaça (60 ml - alcool de sucre de canne brésilien)\n1 dose de jus de citron vert frais (15 ml)\n1 cuillère à soupe de sucre cristallisé\nCitron vert;ETAPE 1\nDans un shaker, mélanger tous les ingrédients à de la glace pilée. Bien agiter. Passer dans un verre à whisky rafraîchi, sur glaçons.;;75;00:03:00;Boisson;0;Facile;2018-01-01
EOIFN-13N8S-X027;Coupe Champagne;50;1/6 louche de cointreau\n1/6 louche de sucre de canne\n1/6 citron pressé\n1/6 bouteille de mousseux sec ou champagne;ETAPE 1\nMettre les ingrédients dans une soupière.\n\nETAPE 2\nVerser le mousseux.\n\nETAPE 3\nAjouter des glaçons.;;333;00:10:00;Boisson;0;Facile;2018-01-01
EOIFN-13N8S-X028;Aperol Spritz : cocktail italien pétillant;25;1/2 verre de vin blanc pétillant type Prosecco\n1/3 verre d'eau pétillante\n5/6 glaçons\n1/6 orange sanguine;ETAPE 1\nPréparer la quantité de cocktail souhaitée en respectant les proportions !\n\nETAPE 2\nGarnir de glaçons et d'un morceau d'orange (sanguine si possible). \n\nETAPE 3\nSanté !;;1;00:05:00;Boisson;0;Facile;2018-01-01
EOIFN-13N8S-X029;Purée de banane pour accompagnement;34;2 bananes\n15 cl de jus d'orange ou de clémentine\n2 cuillères à café de crème fraîche épaisse ou liquide;ETAPE 1\nEnlevez la peau des bananes.\n\nETAPE 2\nCoupez-les en rondelles et mettez-les dans une casserole.\n\nETAPE 3\nAjoutez 1/3 du jus d'orange et la crème fraîche.\n\nETAPE 4\nChauffez à feu moyen tout en écrasant les bananes avec une fourchette.\n\nETAPE 5\nAu fur et à mesure, ajoutez le reste du jus d'orange. \n\nETAPE 6\nLorsque les bananes sont bien écrasées, retirez-les du feu. \n\nETAPE 7\nVous pouvez les passer au blender pour qu'elles soient bien mixées. ;;2;00:25:00;Accompagnement;0;Facile;2018-01-01
EOIFN-13N8S-X030;Idées de légumes d'accompagnement;45;1 betterave crues\nHuile de friture;ETAPE 1\nPour les frites de betterave, procéder comme des frites de pommes de terre, en goûtant une frite pour qu'elle soit à votre goût. Saler, poivrer (poivre noir du moulin et poivre blanc).\n\nETAPE 2\nIdéal pour des volailles et viandes blanches ! \n\nETAPE 3\nPour les courgettes sautées, les couper en rondelles fines en gardant la peau, puis les faire sauter dans une sauteuse avec un verre d'huile d'olive fumante. Bien remuer dès le début de la cuisson pour graisser toutes les rondelles, elles sont cuites en 10 min ou plus selon votre goût. \n\nETAPE 4\nSaler et poivrer en fin de cuisson et ajouter l'ail finement émincé, et du persil plat haché. \n\nETAPE 5\nIdéal pour les poissons, tels que le saumon, le gibier...\n\nETAPE 6\nPour les pommes de terre confites, les couper en rondelle, les faire sauter dans un verre d'huile d'olive avec 50 g de beurre demi-sel avec le sucre, 1/2 cuillère à café de 4 épices pendant 20 min jusqu'à coloration sur feu moyen en secouant régulièrement la sauteuse pour décoller du fond sans abimer les légumes. \n\nETAPE 7\nDéglacer les pommes de terre au porto, et laisser mijoter à couvert encore 10 min. \nETAPE 8\nIdéal pour les magrets, filets de boeuf, d'autruche, côtes de boeuf... ;;34;00:45:00;Accompagnement;1;Moyen;2018-01-01
EOIFN-13N8S-X031;Bananes plantain en accompagnement (Congo);300;2/3 banane plantain bien mûres mais pas trop\nHuile de palme rouge;ETAPE 1\nFaites chauffer l'huile de palme, à feux doux (sur une échelle de 1 à 6, prenez 3). \n\nETAPE 2\nL'huile dans la poêle doit former une couche de 2 mm environ. L'huile ne doit SURTOUT PAS FUMER!! \n\nETAPE 3\nEn attendant, après avoir enlevé la peau des bananes, il faut les couper dans le sens de la longueur. Couper ensuite chaque moitié en morceaux de 10 cm environ. \n\nETAPE 4\nPlacer les morceaux dans la poêle. Si vous avez une hotte aspirante, c'est le moment de vous en servir ! L'huile de palme, bien qu'elle sente bon, sent fort aussi. \n\nETAPE 5\nLaissez les cuire sur chaque face de façon à avoir des morceaux au final légèrement dorés (PAS CROUSTILLANTES!). \n\nETAPE 6\nSe mange avec des légumes (manioc, parex), de la viande et, pourquoi pas, du riz également. \n\nETAPE 7\nCet accompagnement est une prépartion Muluba, du Kasai, région de la R.D.Congo. ;;153;00:45:00;Accompagnement;0;Facile;2018-01-01
EOIFN-13N8S-X032;Purée de figues;150;62,5 g de figue sèches\n2,5 cl de vin qui sera bu avec le foie gras ou qui à servi à le parfumer;ETAPE 1\nCouper les figues en 8 morceaux, les placer dans une casserole et couvrir du vin. \n\nETAPE 2\nCuire à petit feu jusqu'à absorption complète du vin. \n\nETAPE 3\nMixer le tout et servir tiède en accompagnement du foie gras en terrine. ;;203;01:00:00;Accompagnement;1;Moyen;2018-01-01
EOIFN-13N8S-X033;Soupe de concombre;300;1/2 concombre\n1/4 cube de bouillon de volaille\n1/2 portion de fromage fondu (Kiri ou Vache qui rit);ETAPE 1\nEpluchez les concombres, enlevez les graines et les couper en cubes. Faites-les cuire 15 mn à la vapeur. \n\nETAPE 2\nMixez avec le cube de bouillon et le fromage sans ajouter d'eau. ;;254;00:15:00;Entree;0;Facile;2018-01-01
EOIFN-13N8S-X034;Coquilles Saint Jacques sur lit de poireaux;201;3 noix de saint-jacques\n1 poireau\n1/2 cuillère à soupe de farine\n1/2 cuillère à soupe de crème fraîche\n1/2 cuillère à soupe d'huile\nPoivre\nSel\nMuscade;ETAPE 1\nNe garder que le blancs des poireaux.\nLes émincer en rondelles les plus fines possibles (1mm).\n\nETAPE 2\nLes faire cuire à feu doux dans une poêle avec 1/2 verre d'eau jusqu'à ce que les poireaux soient parfaitement fondus et qu'il ne reste plus d'eau. Eventuellement, égoutter après cuisson pour retirer l'excédent d'eau.\n\nETAPE 3\nAjouter dans la poêle la crème fraîche, le sel, le poivre, ainsi qu'une bonne pincée de muscade. Réserver au chaud.\n\nETAPE 4\nPendant la cuisson des poireaux, nettoyer les coquilles Saint Jacques. Les éponger sur du papier absorbant. Les poivrer légèrement sur les deux faces et les passer à la farine.\n\nETAPE 5\nFaire chauffer l'huile dans une poêle et faire revenir rapidement les coquilles sur chaque face.\n\nETAPE 6\nEtaler la fondue de poireaux bien chaude dans 4 assiettes et disposer les noix de Saint Jacques dessus.\nServir aussitôt.;;346;00:20:00;Entree;0;Moyen;2018-01-01
EOIFN-13N8S-X035;Tarte au chèvre et aux poireaux;540;50 g de farine\n25 g de beurre\n1 pincée de sel\n6,5 cl de crème fraîche épaisse\n1 oeuf\n1/6 verre de lait\n1/3 poireau\n1/6 bûche de chèvre (ou 150 gr de fromage de chèvre du même type)\nEmmental râpé\nPoivre\nSel\n1/3 cuillère à soupe d'épices orientale);ETAPE 1\nPréparer la pâte avec la farine, le beurre, le sel et de l'eau pour obtenir un mélange souple mais qui ne colle pas. Abaisser et poser dans un plat à tarte.\n\nETAPE 2\nSur la pâte, disposer le fromage de chèvre coupé en petites tranches.\n\nETAPE 3\nPendant ce temps, faire suer les poireaux coupés en rondelles dans un peu de beurre. Dans un saladier mélanger la crème, le lait, les oeufs, le râpé puis ajouter les poireaux. Saler, poivrer et ajouter la nigelle.\n\nETAPE 4\nPréchauffer le four et faire cuire jusqu'à ce que le dessus soit bien doré.;;154;00:20:00;Entree;0;Facile;2018-01-01
EOIFN-13N8S-X036;Mousse d'avocats;361;1/2 avocat\n1/4 gousse d'ail\n1/4 oignon\n3/4 cuillère à café de crème fraîche\n1/2 cuillère à soupe de jus de citron\n1/2 cuillère à soupe de ketchup\n1/4 cuillère à café de ciboulette hâchée;ETAPE 1\nMettre la chair d'avocats dans le récipient d'un miweur et y ajouter le jus de citron, l'ail et l'oignon.\n\nETAPE 2\nMixer le tout et y ajouter le ketchup et la crème fraîche.\n\nETAPE 3\nPrésenter dans des petits bols et y ajoutez un petit peu de ciboulette et une touche de ketchup.\n\nETAPE 4\nLaissez 1 h 30 au réfrigérateur et voilà le tour est joué !!\n\nETAPE 5\nBon appétit.;;346;00:20:00;Entree;0;Facile;2018-01-01
EOIFN-13N8S-X037;Pâté de Pâques berrichon;549;1/6 pâte feuilletée\n25 g de viande hachée porc et veau\n1 oeuf\nbrin de persil\nPoivre\nSel\nMuscade;ETAPE 1\nFaire cuire les oeufs pour qu'ils soient durs.\n\nETAPE 2\nEtaler la pâte feuilletée.\n\nETAPE 3\nMélanger la viande, le persil et les épices.\n\nETAPE 4\nFaire un boudin de viande au milieu de la pâte.\n\nETAPE 5\nUne fois que les oeufs sont froids, les couper en deux et les disposer sur la viande.\n\nETAPE 6\nRefermer la pâte feuilletée sur le côté, pour que ce soit bien hermétique.\n\nETAPE 7\nVous pouvez badigeonner le pâté avec du jaune d'oeuf.\n\nETAPE 8\nPercer quelques trous sur le dessus et faire cuire 30 minutes à 200 degrés C (thermostat 6-7).;;456;00:30:00;Entree;0;Facile;2018-01-01
EOIFN-13N8S-X038;Soupe Pho;503;100 g de viande de boeuf maigre\n1/4 citron vert\n1/4 morceau de gingembre\n1/4 petit piment vert\n1/4 petit bouquet de coriandre\n1/4 petit bouquet de ciboulette thaï ( un peu plus grosse que la notre)\n100 g de nouilles de riz fraîche ( dans les magasins asiatiques, genre Paris Store)\n37,5 cl de bouillon de pot au feu ou un bouillon préparé avec 2 cubes de Maggi ou autre.\n1/4 étoile de badiane ( 2 si vous aimez)\nSauce nuoc mam;ETAPE 1\nLavez, séchez,ciselez la ciboulette et la coriandre, émincez le piment, coupez le citron vert en 4 dans le sens de la longueur et mettez-les en attente dans des coupelles.\n\nETAPE 2\nPortez à ébullition, le bouillon de boeuf, ajoutez-y l'étoile de badiane, et le morceau de gingembre pelé et émincé. Couvrez et laissez cuire doucement pendant 12 min.\n\nETAPE 3\nDétaillez le boeuf en fine lamelles, aites cuire les nouilles de riz dans de l'eau bouillante salée, respectez les indications sur le paquet.\n\nETAPE 4\nDans 4 grands bols versez 1 cuillerée à soupe de sauce Nuoc-mâm, egouttezles nouilles de riz,répartissez-les dans les bols, posez les lamelles de boeuf, et versez le bouillon de boeuf brûlant, parsemez de ciboulette et de corinadre. Servez aussitôt.\n\nETAPE 5\nChacun ajoutera à son goût, citron vert,et piment. Bon appétit;;987;00:12:00;Plat;0;Facile;2018-01-01
EOIFN-13N8S-X039;Sauté de veau au chorizo;321;1/6 kg de sauté de veau\n1/6 chorizo (doux ou extra fort selon votre goût)\n1/3 boîte de pulpe de tomate\n1/6 pot d'olive verte dénoyautées\n2/3 oignon\n1/6 bouquet de basilic\n1/6 bouquet garni\n1/6 gousse d'ail\n1/3 cuillère à soupe d'huile;ETAPE 1\nEmincer l'oignon et détailler le chorizo pelé en rondelles.\n\nETAPE 2\nDécouper le veau en morceaux.\n\nETAPE 3\nFaire revenir veau et oignons émincés jusqu'à coloration dans l'huile.\n\nETAPE 4\nAjouter le chorizo puis la pulpe de tomate, le basilic haché et enfin les olives.\n\nETAPE 5\nCouvrir et faire mijoter à feu doux 1 heure minimum.\n\nETAPE 6\nCe plat est encore meilleur préparé la veille et réchauffé le jour même.;;0;01:00:00;Plat;0;Facile;2018-01-01
EOIFN-13N8S-X040;Daube provençale;142;1/4 kg de boeuf à daube maigre type paleron, galinette coupée en gros morceaux\n1/8 oignon\n1/8 carotte\n1/4 feuille de laurier\n1/4 gousse d'ail\n1/8 bouquet de thym\nPoivre et sel\n1/8 orange prélevée au moins 8 jours avant et bien sèche\n37,5 g d'olives noires dénoyautées\n1/4 cuillère de coulis ou de sauce tomate épaisse\n1/4 cuillère d'huile d'olive (dans l'idéal, des Baux, évidemment)\n1/8 bouteille de vin rouge Côtes du Rhône (rouge de préférence Gigondas ou Vacqueyras, c'est IMPÉRATIF pour que la daube soit provençale!);"ETAPE 1\nDans un saladier, mettre la viande, l'oignon et la carotte finement coupés, l'ail épluché, le thym et le laurier, le poivre et le zeste d'orange coupé.\n\nETAPE 2\nVerser le vin et laisser macérer de 12 à 24h au frais.\n\nETAPE 3\nLe lendemain, égoutter la viande et la faire revenir dans une sauteuse, dans l' huile très chaude, morceau après morceau , la déposer dans une cocotte minute.\n\nETAPE 4\nPorter ensuite la marinade et ses ingrédients à ébullition dans la sauteuse ayant servi pour la viande pendant 5 mn.\n\nETAPE 5\nVerser sur la viande, saler (mais pas trop car on va ajouter des olives en fin de cuisson), ajouter la sauce tomate.\n\nETAPE 6\nFermer la cocotte minute et laisser cuire 1h30 à partir de la rotation de la soupape qui doit tourner à vitesse lente (le feu ne doit pas être trop vif pour éviter que la viande ""n'attrape""au fond).\n\nETAPE 7\nLaisser refroidir la cocotte, ouvrir et rajouter les olives noires et 2 cuillerées à soupe d'huile d'olive.";;123;01:00:00;Plat;0;Moyen;2018-01-01
EOIFN-13N8S-X041;Véritable Fondue savoyarde;321;125 g de beaufort\n1/2 verre de vin blanc (vin des Abymes)\n100 g de comté\n75 g de tomme de Savoie\n1/16 reblochon (facultatif)\n1/4 petit verre de kirsch\n1/4 cuillère à café de maïzena\n1/4 gousse d'ail\n1/4 pain à croûte (genre boule de campagne);"ETAPE 1\nCommencer par couper le pain en morceaux pour qu'il durcisse.\n\nETAPE 2\nCouper le fromage en lamelles EN ENLEVANT LES CROÛTES.\n\nETAPE 3\nRéserver le reblochon à part (il sera ajouté à la fin pour lier tous les fromages).\n\nETAPE 4\nDissoudre une cuillère de Maïzena dans un petit verre de kirsch.\n\nETAPE 5\nFrotter le caquelon avec la gousse d'ail jusqu'à usure de l'ail.\n\nETAPE 6\nMettre à chauffer le vin blanc (feux moyen), quand il mousse, baisser le feu et ajouter petit à petit les fromages en lamelles en remuant avec une cuillère en bois en faisant des ""8"".\n\nETAPE 7\nQuand tout le fromage est fondu, ajouter le reblochon, et le kirsch + Maïzena.\n\nETAPE 8\nAllumer le réchaud et poser la fondue dessus, remuer de temps en temps avec la cuillère en bois, c'est prêt à déguster.";;456;00:15:00;Plat;0;Moyen;2018-01-01
EOIFN-13N8S-X042;Chili con carne facile;123;12,5 g de beurre\n1/2 oignon\n1/2 gousse d'ail écrasées\n125 g de boeuf haché\n1/4 cuillère à café de chili en poudre\n1/2 cuillère à café de cumin en poudre\n16,5 g de concentré de tomates\n1/4 grosse boîte de haricots rouges égouttés\n7,5 cl de bouillon de boeuf\nSel\nPoivre\nPersil pour décorer;ETAPE 1\nPréchauffer le four à 180 degrés C (thermostat 6).\n\nETAPE 2\nHacher l'oignon et l'ail.\n\nETAPE 3\nDans une cocotte en fonte, faire fondre le beurre, et ensuite dorer doucement l'oignon et l’ail.\n\nETAPE 4\nIncorporer le boeuf haché et laisser cuire doucement 10 min.\n\nETAPE 5\nMélanger le chili, le cumin, le concentré de tomates, et incorporer le tout au boeuf. Ajouter les haricots, le bouillon, du sel et du poivre.\n\nETAPE 6\nCouvrir et cuire 25 min au four.;;123;00:25:00;Plat;0;Facile;2018-01-01
EOIFN-13N8S-X043;Compote de pomme simple;123;200 g de pomme\n1/2 gousse de vanille\n2,5 cl d'eau\n37,5 g de sucre;ETAPE 1\nPeler vos pommes, les couper en huitième et les épépiner.\n\nETAPE 2\nDans une casserole porter à ébullition l'eau, le sucre et les gousses de vanille fendues et grattées.\n\nETAPE 3\nQuand l'eau est portée à ébullition y ajouter les pommes.\n\nETAPE 4\nFaire cuire à feu doux en remuant de temps en temps.;;1111111;00:15:00;Dessert;0;Facile;2018-01-01
EOIFN-13N8S-X044;Crêpes de l'empereur;321;7,5 cl de lait entier\n44 g de farine\n12,5 g de sucre\n1 oeuf\n3/4 cuillère à soupe de raisin secs\n7,5 g de beurre;ETAPE 1\nPréchauffer le four à 200 degrés C (thermostat 6-7).\nSéparer les blancs des jaunes.\n\nETAPE 2\nBattre les jaunes avec la farine en ajoutant le lait progressivement.\n\nETAPE 3\nIncorporer les raisins secs.\n\nETAPE 4\nMonter les blancs en neige avec le sucre.\n\nETAPE 5\nIncorporer délicatement, à l'aide d'une maryse, les blancs à la préparation précédente.\n\nETAPE 6\nFaire fondre le beurre dans une grande poêle allant au four puis y verser la préparation. Laisser dorer sur feu doux 5 minutes.\n\nETAPE 7\nEnfourner 15 à 20 minutes.\n\nETAPE 8\nA la main ou avec une fourchette, déchirer des morceaux de crêpes et saupoudrer de sucre glace avant de servir.;;1;00:15:00;Dessert;0;Moyen;2018-01-01
EOIFN-13N8S-X045;Macaron ananas façon balle de tennis;111;12,5 g d'ananas\n1/24 citron vert\n2,5 g de crème de coco\n1 oeuf\n6,5 g de sucre\n1/6 sachet de sucre vanillé\n1/8 cuillère à soupe de maïzena\n11,5 g de sucre glace\n6,5 g d'amande\n1 blanc d'oeuf\n1,67 g de sucre en poudre\ngoutte de colorant alimentaire jaune\n8,5 g de sucre glace\n1/12 cuillère à soupe de jus de citron;ETAPE 1\nPréparation de l'annas curd.\n\nETAPE 2\nEplucher l'ananas et le couper en morceaux.\n\nETAPE 3\nMixer les morceaux d'ananas avec le jus de citron. Ajouter la crème et mixer à nouveau.\n\nETAPE 4\nVerser la préparation dans une casserole et chauffer à feu doux.\n\nETAPE 5\nDans un saladier, mélanger e sucre, la maïzena et les oeufs.\n\nETAPE 6\nIncorporer la préparation à l'ananas et bien mélanger.\n\nETAPE 7\nRemettre dans la casserole et chauffer à nouveau sans cesser de remuer jusqu'à ce que la préparation épaississe.\n\nETAPE 8\nRéserver au frais (minimum 2h).\n\nETAPE 9\nPréparation des coques de macaron.\n\nETAPE 10\nPréchauffer le four à 120 degrés C (thermostat 4) et y glisser une plaque à pâtisserie vide.\n\nETAPE 11\nMélanger le sucre et la poudre d'amandes.\n\nETAPE 12\nMonter les blancs en neige bien ferme puis ajouter le sucre et le colorant. Battre encore jusqu'à ce que les blancs soient bien fermes.\n\nETAPE 13\nIncorporer alors délicatement, à l'aide d'une maryse, la préparation à la poudre d'amande dans les blancs en neige.\n\nETAPE 14\nPlacer la préparation dans une poche à douille.\n\nETAPE 15\nSur une plaque recouverte de papier cuisson, déposer des ronds/dômes de préparation en les espaçant légèrement les uns des autres.\n\nETAPE 16\nLaisser sécher à l'air libre 30 minutes avant d'enfourner.\n\nETAPE 17\nEnfourner 20 minutes (en surveillant la cuisson) en déposant la plaque avec les coques sur la plaque chaude déjà dans le four.\n\nETAPE 18\nMontage des macarons.\n\nETAPE 19\nUne fois refroidi, décoller les coques de la plaque et en retourner la moitié.\n\nETAPE 20\nPlacer l'ananas curd dans une poche à douille et garnir les coques retournées. Couvrir avec une coque non garnie.\n\nETAPE 21\nMélanger le sucre glace et le jus de citron. Placer dans une poche à douille avec un embout très fin.\n\nETAPE 22\nSur le dessus de chaque macaron, dessiner 2 arcs de glaçage pour représenter une balle de tennis.\n\nETAPE 23\nRéserver 1 journée au frais avant de servir.;;23;00:20:00;Dessert;0;Difficile;2018-01-01
EOIFN-13N8S-X046;Crêpes à la bière;141;25 g de farine\nSel\n1 oeuf\n1/10 cuillère à soupe d'huile\n1/10 cuillère à soupe de rhum\n1,25 cl de bière\n2,5 cl de lait;ETAPE 1\nMettez la farine dans un saladier. Faites-y un puits et ajoutez l'huile, le rhum et les oeufs.\n\nETAPE 2\nMélangez, puis ajoutez petit à petit le lait, puis la bière.\n\nETAPE 3\nLaissez reposer 1 heure avant de faire cuire les crêpes. Les déguster avec du sucre en poudre ou de la cassonade.;;124;00:02:00;Dessert;0;Facile;2018-01-01
EOIFN-13N8S-X047;Gratin de chou-fleur léger;321;1/4 chou-fleur\n6,5 g de beurre\n7,5 g de farine\n1/4 bouillon de volaille\n10 cl d'eau\n1,25 cl de crème\n12,5 g de fromage râpé\nSel\nPoivre\nMuscade;ETAPE 1\nNettoyer le chou-fleur et le couper en bouquets.\n\nETAPE 2\nLes disposer dans le panier vapeur de la cocotte-minute et cuire à la vapeur environ 8 min après le sifflement de la soupape. Vérifier la cuisson en piquant la pointe d'un couteau dans un des bouquets (ça doit être tendre mais pas mou).\n\nETAPE 3\nPréparer une sauce blanche : disposer un bouillon de volaille dans l'eau et faire bouillir. Faire fondre le beurre dans une casserole puis ajouter la farine. Verser peu à peu le bouillon bien chaud, comme pour une béchamel. Selon les goûts ajouter (ou non) un peu de crème. Saler, poivrer et ajouter une pointe de muscade.\n\nETAPE 4\nPréchauffer le four à 200°C (thermostat 6-7).\n\nETAPE 5\nBeurrer un plat à gratin et recouvrir le fond de sauce. Disposer dessus les bouquets têtes en bas (sinon la sauce ne s'y imprègne pas). Recouvrir du reste de sauce.\n\nETAPE 6\nParsemer de fromage râpé (de préférence du comté qui à un goût plus prononcé).\n\nETAPE 7\nEnfourner pour environ 30 min.;;234;00:30:00;Accompagnement;0;Facile;2018-01-01
EOIFN-13N8S-X048;Lemon cake (gâteau au citron);1;33,5 g de farine\n1/12 sachet de levure chimique\n4 g de maïzena\n25 g de sucre\n25 g de beurre ramolli\n1 oeuf\n3,5 cl de lait\n1/3 cuillère à soupe de citron\n2/3 cuillère à soupe de jus de citron\n1/2 citron\n25 g de sucre\n1 oeuf\n5 g de beurre\n1/6 cuillère à soupe de maïzena\n25 g de sucre glace\n2/3 cuillère à soupe de jus de citron;"ETAPE 1\nGâteau :\n\nETAPE 2\nPréchauffez le four à 180 degrés C (thermostat 6).\n\nETAPE 3\nSi vous utilisez un cercle de pâtissier (le plus pratique), déposez une feuille de papier cuisson sur la plaque du four et faites le tour du cercle avec une autre (à laquelle vous faites des ""franges"" pour le fond).\n\nETAPE 4\nMélangez la farine, la levure et la Maïzena.\n\nETAPE 5\nMélangez le sucre avec le beurre jusqu'à ce que ça fasse plus une crème. Ajoutez les œufs un par un et battez bien à chaque fois. Ajoutez le mélange de farine et le lait alternativement.\n\nETAPE 6\nAjoutez les zestes (râpés pour que ce soit vraiment fin) et le jus de citron.\n\nETAPE 7\nVerser dans le cercle et faites cuire environ 25 minutes (jusqu'à ce que la lame d'un couteau ressorte propre).\n\nETAPE 8\nLaissez refroidir.\n\nETAPE 9\nLemon curd (crème de citron) :\n\nETAPE 10\nLavez les citrons et râpez les zestes d'un citron et demi. Mettez les zestes et le jus des 3 citrons dans une casserole.\n\nETAPE 11\nVersez le sucre et la Maïzena, remuez et chauffez à feu doux. Battez les œufs à part puis versez dans la casserole avec le beurre. Mélangez jusqu'à épaississement (mais pas trop sinon vous allez avoir des morceaux de blancs d'œuf, disgracieux mais pas gênants).\n\nETAPE 12\nGlaçage :\n\nETAPE 13\nMélangez le sucre tamisé à 4 cuillères à soupe de jus de citron jusqu'à obtention d'un mélange épais et ""soyeux"".\n\nETAPE 14\nAjoutez du jus de citron (ou du sucre) pour obtenir la consistance souhaitée (trop liquide ça coule et est transparent mais trop épais et c'est galère à étaler).\n\nETAPE 15\nMontage final :\n\nETAPE 16\nDécoupez en deux votre gâteau (avec un couteau à lame longue pour ne pas faire de carnage).\n\nETAPE 17\nÉtalez la crème de citron au milieu (vous pouvez servir le surplus à côté si vous en avez ou en napper le gâteau si vous n'avez pas le temps de faire le glaçage) .\n\nETAPE 18\nRemettez la moitié supérieure et versez le glaçage. Décorez selon l'envie.";;2;00:30:00;Dessert;0;Difficile;2018-01-01
EOIFN-13N8S-X049;Liqueur de cerise;12;1/5 kg de cerise\n70 g de sucre\n1/5 l d'eau de vie;ETAPE 1\nDénoyauter les cerises et réserver la moitié des noyaux.\n\nETAPE 2\nÉcraser les cerises, concasser les noyaux.\n\nETAPE 3\nMettre les cerises et les noyaux concassés dans un bocal et recouvrir d'eau de vie pour 30 jours minimum. Laisser macérer au frais et a l'abri de la lumière.\n\nETAPE 4\nFiltrer la préparation et presser le mélange fruits-noyaux.\n\nETAPE 5\nRemettre dans le bocal et ajouter 350 g de sucre.\n\nETAPE 6\nLaisser fondre le sucre.\n\nETAPE 7\nDécanter et embouteiller.;;132;01:00:00;Boisson;0;Moyen;2018-01-01
EOIFN-13N8S-X050;Sauce gribiche;12;1 oeuf durs\n7,5 cl d'huile de tournesol\n1/6 grosse cuillère à café de moutarde\n1/2 cuillère à soupe de vinaigre\n1/2 cornichon\n1/6 cuillère à soupe de câpres\n1/6 cuillère à soupe de persil haché\n1/6 cuillère à soupe d'estragon haché\nPoivre\nSel;ETAPE 1\nFaites cuire les oeufs durs. Ecalez-les et séparez les jaunes et les blancs.\n\nETAPE 2\nEcrasez les jaunes d'oeufs à la fourchette avec la moutarde. Incorporez le vinaigre et l'huile en fouettant comme pour une mayonnaise. Salez, poivrez.\n\nETAPE 3\nIncorporez les cornichons et câpres hachés, puis le persil et l'estragon. Hachez les blancs d'oeufs et ajoutez-les.\n\nETAPE 4\nRéservez au frais.\n\nETAPE 5\nCette sauce est parfaite pour les viandes et poissons froids.;;99;00:15:00;Sauce;0;Moyen;2018-01-01